"","Year","month","temp","cloud_cover","vapor_pressure","precip","tmin","tmax","ET","evap_day","evap","wd","sat_vp","RH"
"1",1983,1,28.2,72.675,2.9175,242.875,23.325,33.1,4.1,2.75936309997731,85.5402560992965,0,3.9184829021755,74.4548355278068
"2",1983,2,27.975,76.825,2.915,177.55,23.175,32.775,3.775,2.38991410466433,66.9175949306011,0,3.86614636454183,75.3980766671117
"3",1983,3,27.2,70.85,2.8175,284.275,22.05,32.4,3.675,2.84523639571002,88.2023282670106,0,3.69059952386667,76.3426099683685
"4",1983,4,27.6,76.5,2.7625,203.675,22.625,32.6,3.3,2.45646519758942,73.6939559276827,0,3.78029855421933,73.0762388308372
"5",1983,5,25.3,69.375,2.4675,182.525,19.975,30.675,2.975,2.91695157710328,90.4254988902016,0,3.28985346025029,75.0033407206007
"6",1983,6,23.725,63.275,2.1525,54.45,17.75,29.725,2.9,3.39245274761053,101.773582428316,47.323582428316,2.98751996638345,72.0497276744803
"7",1983,7,24.7,49.35,2.1625,61.875,18.275,31.15,3.525,4.62527011927818,143.383373697624,81.5083736976237,3.17161095524464,68.1830158400747
"8",1983,8,24.7,62.325,2.1025,14.975,17.925,31.5,3.775,3.65588162138291,113.33233026287,98.3573302628703,3.17161095524464,66.2912327416218
"9",1983,9,25.65,57.90001,2.1725,49.45,19.225,32.15,4.35,4.0789566071725,122.368698215175,72.918698215175,3.36062546245471,64.6457043271087
"10",1983,10,26.775,67.7,2.5575,140.425,20.95,32.65,4.175,3.20563042448769,99.3745431591185,0,3.59737273300979,71.093550482889
"11",1983,11,27.275,70.7,2.68,239.575,21.825,32.775,4.15,2.94782917609056,88.4348752827169,0,3.70727248442539,72.2903431366035
"12",1983,12,26.925,75.5,2.72,299.4,22.075,31.85,3.825,2.47931161278341,76.8586599962858,0,3.63003433059825,74.9304208247455
"13",1984,1,25.85,75.35001,2.7425,399.475,21.85,29.875,3.525,2.31943660072949,71.9025346226141,0,3.40167197246583,80.6221182465161
"14",1984,2,25.975,78.1,2.795,289.85,21.95,30.05,3.325,2.09111966373804,58.5513505846651,0,3.42755198467444,81.5450797682207
"15",1984,3,26.675,72.1,2.7625,323.275,22.375,31,3.55,2.67901895220828,83.0495875184566,0,3.57574379739905,77.2566536229302
"16",1984,4,25.925,69.67501,2.58,399.6,21.175,30.725,3.275,2.89120233657886,86.7360700973658,0,3.41717903376628,75.5008729278205
"17",1984,5,24.875,67.4,2.405,49.15,19.375,30.4,3,3.05712740591848,94.770949583473,45.620949583473,3.20570122008178,75.0225874118938
"18",1984,6,23.6,54.15,2.26,39.575,18.075,29.175,2.9,3.99697248318731,119.909174495619,80.3341744956192,2.9646204783219,76.2323547491399
"19",1984,7,24.075,45.425,2.1125,45.775,17.625,30.6,3.5,4.87493223796229,151.122899376831,105.347899376831,3.05247880844742,69.2060496588503
"20",1984,8,24.65,56.5,2.0025,73.05,17.6,31.725,3.975,4.1766285951805,129.475486450596,56.4254864505956,3.16193033770826,63.3315660411227
"21",1984,9,26.35,62.85,2.2025,44.825,19.575,33.175,4.375,3.76809445953671,113.042833786101,68.2178337861013,3.5062463020212,62.8164655383838
"22",1984,10,27.525,73.05,2.6725,168,22.175,32.9,4.05,2.78572487604313,86.3574711573371,0,3.76333381537057,71.0141627374303
"23",1984,11,26.725,71.47501,2.6525,283.225,22.15,31.35,3.975,2.80380678956619,84.1142036869856,0,3.58654376401794,73.9569952167112
"24",1984,12,27.075,70.4,2.81,222.15,22.8,31.45,3.9,2.84646648951116,88.2404611748461,0,3.66295939002137,76.713927204735
"25",1985,1,26.7,77.8,2.805,128.225,22.25,31.15,3.625,2.20536869621283,68.3664295825977,0,3.58114015962998,78.3270096943044
"26",1985,2,26.425,81.175,2.8425,156.05,22.25,30.65,3.325,1.87910681434956,52.6149908017876,0,3.52217664405788,80.7029370544339
"27",1985,3,27.425,76.35,2.8725,243.275,22.775,32.15,3.525,2.38561118581659,73.9539467603142,0,3.7408194709366,76.787987827726
"28",1985,4,25.275,71.25,2.5875,123.625,20.825,29.775,3.1,2.67043179740566,80.1129539221699,0,3.28484944805126,78.7707333599424
"29",1985,5,25.575,60.3,2.4925,59.9,20.425,30.8,3.175,3.65144365650174,113.194753351554,53.2947533515539,3.34534701575898,74.5064708760718
"30",1985,6,23.25,40.175,2.21,35.35,17.525,29,3.125,5.0502126424412,151.506379273236,116.156379273236,2.90133124469535,76.1719298353353
"31",1985,7,23.35,45.05001,2.17,43.225,16.925,29.8,3.25,4.75304595216234,147.344424517033,104.119424517033,2.91928991370546,74.3331448449947
"32",1985,8,24.6,50.775,2.08,37.475,17.7,31.55,4,4.57177769723377,141.725108614247,104.250108614247,3.1522760316645,65.9840692600037
"33",1985,9,25.4,66.05,2.1925,114.6,19.2,31.65,4.075,3.37718142996342,101.315442898903,0,3.30993741632221,66.2399231232645
"34",1985,10,27.225,68.3,2.5625,100.55,21.325,33.2,4.275,3.21491631507553,99.6624057673416,0,3.69614975351244,69.3289009073527
"35",1985,11,26.2,70.525,2.655,221.475,21.525,30.875,3.85,2.81141329541631,84.3423988624891,0,3.47457776716257,76.4121622227539
"36",1985,12,26.7,76.075,2.7725,280.8,22.3,31.175,3.675,2.36515738735967,73.3198790081497,0,3.58114015962998,77.4194774964203
"37",1986,1,27.175,75.575,2.8425,258.175,22.625,31.775,3.775,2.42870441302449,75.2898368037593,0,3.68505670662618,77.1358550572326
"38",1986,2,25.9,82.60001,2.785,445.7,21.75,30.1,3.2,1.73469392605865,48.5714299296422,0,3.41200303949961,81.6236084129759
"39",1986,3,26.525,75.05,2.805,212.35,22.125,30.95,3.375,2.40444333864296,74.5377434979319,0,3.54351723802879,79.1586384820405
"40",1986,4,26.725,75.525,2.7125,118.05,22.125,31.375,3.175,2.44790511336762,73.4371534010286,0,3.58654376401794,75.6299149954116
"41",1986,5,24.375,68.925,2.4425,118.175,19.225,29.575,2.8,2.84138363686682,88.0828927428715,0,3.10915559516518,78.558307078557
"42",1986,6,24.975,47.94999,2.21,36.075,18.925,31.075,3.375,4.73307642031779,141.992292609534,105.917292609534,3.22532745950968,68.5201743929581
"43",1986,7,23.25,64.75,2.0925,55.575,16.775,29.775,3,3.2763250713142,101.56607721074,45.9910772107401,2.90133124469535,72.122064787529
"44",1986,8,25.25,71.1,2.1925,96.10001,18.7,31.825,3.575,2.97091972493485,92.0985114729804,0,3.27985221061408,66.8475241934605
"45",1986,9,25.525,64,2.1925,103.55,19.425,31.7,4.125,3.55340338687386,106.602101606216,3.05210160621567,3.3351957531199,65.7382703233846
"46",1986,10,27.35,69.3,2.535,131.275,21.6,33.125,4.3,3.1534404804751,97.756654894728,0,3.7240123890881,68.0717391657429
"47",1986,11,27.45,70.47501,2.62,224.375,22.35,32.6,4.25,3.00665072890541,90.1995218671624,0,3.74643680019946,69.9331161774973
"48",1986,12,27.05,75.97501,2.745,208.275,22.675,31.525,3.8,2.43119422135435,75.3670208619849,0,3.65745350610824,75.0522185836574
"49",1987,1,27.75,77.5,2.9275,342.425,23.65,31.925,3.75,2.28823358507937,70.9352411374605,0,3.81443214500517,76.7479899684002
"50",1987,2,27.325,79.92501,2.8,94.32498,22.4,32.275,3.625,2.12589115442102,59.5249523237885,0,3.71842496825956,75.3006991912107
"51",1987,3,27.775,61.325,2.8125,234.7,22.8,32.775,4.099999,3.68801325337228,114.328410854541,0,3.82014763799144,73.6228090252229
"52",1987,4,26.9,65.375,2.69,191.275,21.9,31.925,3.525,3.30793367189779,99.2380101569337,0,3.62457248463446,74.2156491945914
"53",1987,5,25,50.975,2.4075,101.05,19.75,30.275,3.3,4.35015211647112,134.854715610605,33.8047156106046,3.23025069880823,74.529819028852
"54",1987,6,24.75,32,2.32,83.45,19.15,30.375,3.45,5.86189954238264,175.856986271479,92.4069862714792,3.18131794656574,72.9257508670096
"55",1987,7,24.875,64.075,2.3075,44.15,18.675,31.1,3.125,3.40076888187812,105.423835338222,61.2738353382217,3.20570122008178,71.9811311654657
"56",1987,8,25.825,58.4,2.225,41.85001,19,32.725,3.95,4.05161996547927,125.600218929857,83.7502089298574,3.39651688337255,65.5082861767112
"57",1987,9,26.9,59.85001,2.3375,95.7,20.25,33.6,4.45,4.0039349686655,120.118049059965,24.4180490599651,3.62457248463446,64.4903643094266
"58",1987,10,28.2,63.85,2.7325,118.075,22.65,33.775,4.424999,3.59770981116778,111.529004146201,0,3.9184829021755,69.7336205928816
"59",1987,11,27.525,72.45,2.75,212.075,22.725,32.35,4.025,2.77755193014282,83.3265579042846,0,3.76333381537057,73.0735070263548
"60",1987,12,27.45,74.72501,2.8175,267.15,22.65,32.275,3.875,2.54923108247662,79.0261635567752,0,3.74643680019946,75.204791919885
"61",1988,1,27.025,73.825,2.8775,289.375,22.7,31.375,3.775,2.52448019325964,78.2588859910489,0,3.65195498317886,78.7934137538373
"62",1988,2,27.8,81.325,2.89,332.525,23.125,32.525,3.625,2.01543121793465,56.4320741021703,0,3.82587074328427,75.5383596027898
"63",1988,3,27.65,72.2,2.9975,325.875,23.35,32,3.55,2.67382072991024,82.8884426272173,0,3.79164612057477,79.0553734362113
"64",1988,4,26.625,71.65,2.815,243.725,22.25,31.075,3.175,2.68683698761447,80.6051096284342,0,3.56497276571253,78.9627350613819
"65",1988,5,24.725,71.94999,2.435,103.375,19.775,29.7,2.825,2.64620640038216,82.0323984118469,0,3.17646115028404,76.6576351731002
"66",1988,6,22.675,63.775,2.1775,18.225,16.925,28.475,2.65,3.19198340092796,95.7595020278389,77.5345020278389,2.79996538009561,77.7688186960957
"67",1988,7,23.525,38.875,2.0425,44.025,16.825,30.3,3.55,5.35231615188548,165.92180070845,121.89680070845,2.95095593981224,69.2148592408315
"68",1988,8,26.825,50.55,2.2575,3.800003,19.6,34.1,4.35,4.8174847184723,149.342026272641,145.542023272641,3.60823077194642,62.5652887157829
"69",1988,9,27.325,65.3,2.45,62.325,20.8,33.875,4.3,3.548789688727,106.46369066181,44.1386906618101,3.71842496825956,65.8881117923093
"70",1988,10,27.775,68.425,2.73,97.95,21.975,33.65,4.25,3.18382056789938,98.6984376048809,0.748437604880849,3.82014763799144,71.4632066271497
"71",1988,11,27.575,68.22501,2.7,244.25,22.075,33.1,4.275,3.17554270352038,95.2662811056114,0,3.77463610190331,71.5300740815402
"72",1988,12,26.4,76.25001,2.7525,299.35,21.7,31.1,3.625,2.32817769145924,72.1735084352364,0,3.51685939123748,78.2658529612545
"73",1989,1,26.175,77.95,2.7,227.3,21.625,30.775,3.6,2.19335802657032,67.9940988236798,0,3.46932448946728,77.8249485799638
"74",1989,2,26.225,81.975,2.7675,217.075,21.625,30.825,3.325,1.84008289716208,51.5223211205382,0,3.47983812004367,79.5295615637796
"75",1989,3,25.925,75.675,2.595,260.3,21.175,30.725,3.45,2.40705180855439,74.618606065186,0,3.41717903376628,75.9398314913543
"76",1989,4,25.85,76.97501,2.65,99.30001,21.2,30.575,3,2.26378165558163,67.9134496674489,0,3.40167197246583,77.9028672208815
"77",1989,5,24.5,68.72499,2.4,87.9,19.15,29.9,2.9,2.90481336239154,90.0492142341377,2.14921423413765,3.13304610550188,76.6027667382682
"78",1989,6,24.05,65.075,2.295,50.875,18.5,29.675,2.825,3.19998595958513,95.9995787875539,45.1245787875539,3.04779753102603,75.3002775491913
"79",1989,7,23.625,38.425,2.0925,48.3,17.25,30.075,3.5,5.35537760104857,166.016705632506,117.716705632506,2.9691878303026,70.4738170702641
"80",1989,8,25.125,40.075,2.2275,52.8,18.525,31.8,4.15,5.3977950909598,167.331647819754,114.531647819754,3.25496736621008,68.433865823779
"81",1989,9,25.275,55.1,2.1625,98.2,18.825,31.725,4.3,4.25110307691168,127.53309230735,29.3330923073503,3.28484944805126,65.8325452718359
"82",1989,10,26.25,72.75001,2.54,140.65,20.425,32.1,3.9,2.7425993846018,85.020580922656,0,3.48510555638206,72.8815801675979
"83",1989,11,26.675,66.72501,2.6775,191.725,21.5,31.925,4.125,3.18692137609698,95.6076412829094,0,3.57574379739905,74.8795258191478
"84",1989,12,27.125,75.17501,2.825,330.45,22.425,31.875,3.775,2.46837946226752,76.5197633302931,0,3.67399327500529,76.891811948021
"85",1990,1,26.75,75.35001,2.77,235.65,22.3,31.225,3.75,2.42826462981735,75.276203524338,0,3.59195461899708,77.1167872041051
"86",1990,2,27.125,79.075,2.78,284.625,22.525,31.825,3.625,2.17805193043918,60.9854540522971,0,3.67399327500529,75.6669866249551
"87",1990,3,26.925,76.25001,2.775,104.1,21.9,32.025,3.5,2.39543066325425,74.2583505608819,0,3.63003433059825,76.44555801054
"88",1990,4,26.55,69.47501,2.65,191.525,21.55,31.55,3.375,2.95272039266155,88.5816117798465,0,3.54887032397685,74.6716492314776
"89",1990,5,25.25,61.575,2.4675,97.90001,20.2,30.375,3.1,3.51663549627988,109.015700384676,11.1156903846761,3.27985221061408,75.2320483226289
"90",1990,6,23.425,58.15,2.28,96,18.375,28.525,2.775,3.63361076913341,109.008323074002,13.0083230740023,2.93282381789667,77.7407761791552
"91",1990,7,22.75,48.8,2.0275,72.825,16.525,29,3.2,4.45024856936609,137.957705650349,65.1327056503486,2.81300552815978,72.0759337194176
"92",1990,8,24.575,51.90001,2.155,40.9,17.8,31.425,3.9,4.43385678728522,137.449560405842,96.5495604058419,3.14745872601973,68.4679351689293
"93",1990,9,26.275,58.45,2.175,104.65,19.55,33.075,4.5,4.12753466681233,123.82604000437,19.17604000437,3.49038008445731,62.3141304778037
"94",1990,10,27.15,66.275,2.6975,137.675,21.75,32.6,4.125,3.27988131966982,101.676320909764,0,3.67952129319994,73.3111669984136
"95",1990,11,27.125,70.025,2.7625,218.5,22.4,31.875,4,2.91526681362586,87.4580044087757,0,3.67399327500529,75.1906656659851
"96",1990,12,26.925,74.72501,2.7775,263.15,22.375,31.525,3.775,2.5006802365309,77.5210873324578,0,3.63003433059825,76.5144278826216
"97",1991,1,27.15,75.35001,2.81,279.85,22.75,31.6,3.8,2.45653447561327,76.1525687440115,0,3.67952129319994,76.3686299408869
"98",1991,2,27.15,80.775,2.82,130.925,22.55,31.8,3.55,2.01927272113055,56.5396361916555,0,3.67952129319994,76.6404044246623
"99",1991,3,26.8,73.35001,2.81,254.5,22.125,31.55,3.525,2.58426216838898,80.1121272200583,0,3.60279811450664,77.9949336790633
"100",1991,4,26.275,69.60001,2.6675,164.7,21.575,31.05,3.275,2.89480906873783,86.844272062135,0,3.49038008445731,76.424341631973
"101",1991,5,25.15,61.775,2.5,99.9,19.85,30.525,3.075,3.4784495647594,107.831936507541,7.93193650754142,3.25993084921847,76.6887432780774
"102",1991,6,24.025,59.35,2.315,53.42501,18.4,29.7,2.875,3.62870550414099,108.86116512423,55.4361551242297,3.04312264698702,76.0731744509893
"103",1991,7,23.875,46.55,2.1025,55.125,17.275,30.5,3.425,4.76594938640874,147.744430978671,92.619430978671,3.01520717915655,69.7298684658923
"104",1991,8,24.925,55.2,2.085,46.025,18.1,31.775,3.95,4.25880674886476,132.023009214808,85.9980092148075,3.21550101198176,64.8421503283864
"105",1991,9,26.725,69.7,2.3125,84.075,20.55,32.975,4.15,3.18099473318101,95.4298419954303,11.3548419954303,3.58654376401794,64.4771164707426
"106",1991,10,26.6,71.3,2.5475,102.2,20.85,32.375,4,2.89457237586988,89.7317436519664,0,3.55959807942953,71.5670686171475
"107",1991,11,26.9,75.17501,2.6625,207,21.95,31.875,3.925,2.53187191169386,75.9561573508158,0,3.62457248463446,73.4569390262452
"108",1991,12,27.45,72.975,2.76,251.2,22.725,32.2,4,2.71843836956057,84.2715894563776,0,3.74643680019946,73.6700002480506
"109",1992,1,27.45,75.35001,2.8425,274.375,22.9,32.025,3.875,2.47842480101481,76.831168831459,0,3.74643680019946,75.8720926467695
"110",1992,2,27.35,79.325,2.81,276.725,22.85,31.9,3.625,2.16210680268822,60.5389904752702,0,3.7240123890881,75.4562473592653
"111",1992,3,27.5,73.075,2.7925,236.3,22.15,32.875,3.725,2.7194406002298,84.3026586071237,0,3.75769396372942,74.3141944754999
"112",1992,4,27.15,66.00001,2.6425,157.55,21.975,32.4,3.6,3.3247907736063,99.7437232081891,0,3.67952129319994,71.816407337649
"113",1992,5,26.45,51.8,2.5525,83.90001,21.05,31.85,3.475,4.42157619201683,137.068861952522,53.1688519525217,3.52750104679873,72.3600068755879
"114",1992,6,25.325,48.32499,2.345,41.675,19.85,30.85,3.3,4.65384989949628,139.615496984888,97.9404969848885,3.29486425518814,71.1713690877411
"115",1992,7,23.875,48.8,2.045,61.15,17.55,30.225,3.425,4.61093322430879,142.938929953572,81.7889299535724,3.01520717915655,67.822868495957
"116",1992,8,25.125,59.2,2.18,85.875,18.8,31.475,3.8,3.89397271380222,120.713154127869,34.8381541278689,3.25496736621008,66.9745577983561
"117",1992,9,26.625,65.4,2.125,81.15,19.85,33.425,4.45,3.63364753202221,109.009425960666,27.8594259606664,3.56497276571253,59.6077484921622
"118",1992,10,27.55,73.025,2.59,168.375,22.175,33,4.15,2.83739882793106,87.959363665863,0,3.76898119185921,68.7188358910959
"119",1992,11,27.45,71.60001,2.6275,218,22.45,32.525,4.175,2.91028677825618,87.3086033476855,0,3.74643680019946,70.1333063955627
"120",1992,12,27.25,77.17501,2.725,108.1,22.475,32.025,3.825,2.37227272719861,73.5404545431569,0,3.70170740416279,73.6146783761346
"121",1993,1,26.625,76.825,2.7625,341.625,22.35,30.95,3.7,2.29601467505525,71.1764549267128,0,3.56497276571253,77.4900730398108
"122",1993,2,26.975,80.875,2.74,263.975,22.325,31.675,3.575,2.03430904252904,56.9606531908132,0,3.64097998611471,75.2544647443628
"123",1993,3,26.6,74.75,2.7625,259.425,22.05,31.225,3.475,2.46865389394513,76.5282707122991,0,3.55959807942953,77.6070763709009
"124",1993,4,26.725,71.50001,2.62,162.425,21.925,31.575,3.375,2.82581469866139,84.7744409598416,0,3.58654376401794,73.0508303365819
"125",1993,5,26.1,63.825,2.395,96.90001,20.6,31.625,3.3,3.50302904181472,108.593900296256,11.6938902962563,3.45360702490225,69.3477857420037
"126",1993,6,25.175,49.5,2.2625,40.1,19.15,31.25,3.35,4.6096601004499,138.289803013497,98.1898030134969,3.26490106722134,69.2976587473
"127",1993,7,24.15,50.7,2.1225,42.47499,17.675,30.7,3.4,4.47075393737217,138.593372058537,96.1183820585374,3.06656107703978,69.214339668359
"128",1993,8,25,59.925,2.11,76.64999,18.225,31.825,3.85,3.88154531332579,120.3279047131,43.6779147130996,3.23025069880823,65.3200075393055
"129",1993,9,26.175,59.925,2.235,23.175,19.825,32.55,4.325,3.94385607518383,118.315682255515,95.1406822555148,3.46932448946728,64.4217629911922
"130",1993,10,27.825,74.12501,2.6225,296.725,22.3,33.425,4.15,2.76812603441687,85.811907066923,0,3.83160146967599,68.443965813119
"131",1993,11,27.375,74.425,2.67,229.225,22.275,32.575,4.075,2.65531009693947,79.6593029081841,0,3.72960727404281,71.5893069649068
"132",1993,12,27.275,78.325,2.7925,194.8,22.575,32,3.725,2.24694906662232,69.655421065292,0,3.70727248442539,75.3249191078228
"133",1994,1,27.225,76.2,2.8275,154.1,22.6,31.9,3.8,2.39427353993333,74.2224797379331,0,3.69614975351244,76.4985238304546
"134",1994,2,26.925,82.25,2.8375,193.4,22.425,31.475,3.425,1.86263111629565,52.1536712562781,0,3.63003433059825,78.1673048125792
"135",1994,3,27.15,73.7,2.8675,188.175,22.15,32.225,3.55,2.57968478654986,79.9702283830456,0,3.67952129319994,77.9313332225954
"136",1994,4,27.025,71.55,2.69,173.75,22.125,32.025,3.4,2.8290368613848,84.8711058415441,0,3.65195498317886,73.6591774101902
"137",1994,5,25.65,67.85,2.5275,188.525,20.125,31.25,3.025,3.05831874594897,94.807881124418,0,3.36062546245471,75.2092141250942
"138",1994,6,24.525,54.7,2.3225,53.5,18.45,30.7,3.075,4.08122782296833,122.43683468905,68.9368346890499,3.13784377068651,74.0157945942566
"139",1994,7,24,62.925,2.18,38.6,17.475,30.6,3.125,3.46795514546174,107.506609509314,68.906609509314,3.03845414873837,71.7470099361275
"140",1994,8,25.625,57.5,2.2625,0.5250015,18.4,32.9,3.95,4.09412849328886,126.917983291955,126.392981791955,3.35552576242643,67.4260953479897
"141",1994,9,26.4,63.15001,2.2825,99.2,19.425,33.425,4.325,3.7168941229956,111.506823689868,12.306823689868,3.51685939123748,64.9016564519758
"142",1994,10,27.475,70.225,2.6375,142.875,21.55,33.45,4.225,3.04936902588006,94.5304398022819,0,3.75206162823612,70.2946875965871
"143",1994,11,27.675,62.35001,2.6625,300.75,22.3,33.1,4.525,3.68360290410913,110.508087123274,0,3.79733125208912,70.115031406207
"144",1994,12,27.075,78.65,2.7975,357.775,22.15,32.05,3.7,2.20300304925253,68.2930945268285,0,3.66295939002137,76.3726730801587
"145",1995,1,27.8,77.35,2.8725,168.675,23.225,32.4,3.9,2.34334537929786,72.6437067582338,0,3.82587074328427,75.0809473906622
"146",1995,2,27.1,81.775,2.81,279.775,22.55,31.675,3.5,1.93494685452724,54.1785119267628,0,3.66847264346779,76.5986358111074
"147",1995,3,26.825,70.05001,2.82,214.45,22.1,31.625,3.6,2.84887395792288,88.3150926956093,0,3.60823077194642,78.1546463692172
"148",1995,4,26.375,68.75002,2.62,67.20001,21.375,31.375,3.375,3.00451140924508,90.1353422773525,22.9353322773525,3.51154928000131,74.6109420967323
"149",1995,5,24.2,62.525,2.3675,114.15,18.825,29.625,2.975,3.36629381798914,104.355108357663,0,3.07598136254108,76.9673063962976
"150",1995,6,24.575,57.45,2.315,39.2,18.775,30.4,3,3.85817434529446,115.745230358834,76.5452303588339,3.14745872601973,73.5514013531653
"151",1995,7,24.75,46.55,2.2,56.725,18.275,31.275,3.525,4.83650006285748,149.931501948582,93.206501948582,3.18131794656574,69.1537292704402
"152",1995,8,24.7,66.55,2.1925,21.075,17.925,31.525,3.6,3.27526933707071,101.533349449192,80.458349449192,3.17161095524464,69.1289073893012
"153",1995,9,26.325,69.35,2.34,74.1,19.9,32.85,4.05,3.15919727200768,94.7759181602304,20.6759181602304,3.50095044897709,66.8389922709047
"154",1995,10,27.975,63.02501,2.715,64.825,22.3,33.7,4.45,3.65195765636613,113.21068734735,48.3856873473499,3.86614636454183,70.2249667757146
"155",1995,11,27.75,63.22501,2.7275,205.625,22.625,32.925,4.424999,3.58028002240586,107.408400672176,0,3.81443214500517,71.5047455640688
"156",1995,12,26.95,71.85,2.815,151.45,22.3,31.65,3.85,2.71831279929518,84.2676967781506,0,3.63550349492227,77.4308153996202
"157",1996,1,27.075,74.975,2.7875,467.15,22.575,31.65,3.85,2.49411759549526,77.3176454603532,0,3.66295939002137,76.0996697804978
"158",1996,2,26.775,77.575,2.8275,183.45,22.275,31.325,3.525,2.22568522372898,62.3191862644114,0,3.59737273300979,78.5990279532233
"159",1996,3,26.25,74.925,2.8075,221.5,21.575,30.975,3.35,2.38885909252929,74.054631868408,0,3.48510555638206,80.557100913595
"160",1996,4,26.575,72.125,2.68,179.375,21.65,31.55,3.3,2.72921205079061,81.8763615237182,0,3.55423060164873,75.4030984584064
"161",1996,5,25.7,64.9,2.5225,42.95,20.4,31.075,3.1,3.29312440016496,102.086856405114,59.1368564051136,3.37084555633763,74.83285596569
"162",1996,6,23.825,67.05,2.225,9.900005,18.075,29.625,2.775,3.06466921582933,91.94007647488,82.04007147488,3.00595282697884,74.0197909970614
"163",1996,7,24.125,38.35,2.1775,8.799995,17.65,30.675,3.55,5.39737964297728,167.318768932296,158.518773932296,3.06186057384335,71.1168894691613
"164",1996,8,25.375,51.125,2.29,54.42501,18.65,32.15,3.95,4.52831090061189,140.377637918968,85.9526279189685,3.30490622522748,69.2909221605032
"165",1996,9,24.725,61.6,2.2275,92.025,18.4,31.15,4,3.63269067583066,108.98072027492,16.9557202749197,3.17646115028404,70.1252083565013
"166",1996,10,27.25,71.42501,2.675,149.05,21.6,32.9,4.025,2.89148548376164,89.6360499966108,0,3.70170740416279,72.2639503325358
"167",1996,11,26.45,68.52501,2.7125,208.2,21.375,31.575,3.975,2.98932290438642,89.6796871315925,0,3.52750104679873,76.895795749278
"168",1996,12,26.55,76.25001,2.7775,233.65,21.875,31.25,3.65,2.33426384588025,72.3621792222878,0,3.54887032397685,78.2643417888412
"169",1997,1,26.4,76.65001,2.8,297.65,21.85,31,3.625,2.27018806970715,70.3758301609216,0,3.51685939123748,79.6164898425114
"170",1997,2,26.475,81.22501,2.79,368.35,21.975,31,3.4,1.91598806251078,53.6476657503018,0,3.53283260780448,78.9734558562591
"171",1997,3,26.525,89.4,2.82,364.975,21.9,31.225,2.95,1.25889148220188,39.0256359482581,0,3.54351723802879,79.5819467092172
"172",1997,4,26.225,70.55,2.6225,173.05,21.275,31.2,3.3,2.84092014522293,85.2276043566878,0,3.47983812004367,75.3627010663097
"173",1997,5,26.75,66.45,2.4925,93.00001,21.45,32.125,3.325,3.32041531510263,102.932874768182,9.93286476818159,3.59195461899708,69.3911884860043
"174",1997,6,25.475,41.025,2.33,40.15001,19.7,31.25,3.475,5.27019447025249,158.105834107575,117.955824107575,3.32507191003143,70.0736724812059
"175",1997,7,25.1,37.65,2.2275,35.5,18.65,31.625,3.75,5.57751522757091,172.902972054698,137.402972054698,3.25001061026615,68.5382377818632
"176",1997,8,23.675,52.6,2.1875,56.475,16.975,30.45,3.625,4.22857980552306,131.085973971215,74.6109739712148,2.97834133775626,73.4469206826361
"177",1997,9,26.65,53.025,2.3475,103.1,20.225,33.175,4.525,4.51305419407081,135.391625822124,32.2916258221243,3.57035466889915,65.7497704765506
"178",1997,10,27.425,62.4,2.71,230,21.75,33.15,4.325,3.63388887912602,112.650555252907,0,3.7408194709366,72.4440198479156
"179",1997,11,27.3,87.525,2.78,187.025,22.2,32.45,3.5,1.52465064255329,45.7395192765987,0,3.71284500291622,74.8751967242499
"180",1997,12,27.55,71.85001,2.8,228.625,22.85,32.275,4,2.80065077705929,86.8201740888379,0,3.76898119185921,74.2906333957794
"181",1998,1,28.675,71.625,2.94,278.925,24.175,33.275,4.225001,2.88757988410462,89.5149764072432,0,4.03104406015129,72.9339584516885
"182",1998,2,27.75,78.5,2.885,286.9,23.275,32.3,3.7,2.2384779898996,62.6773837171888,0,3.81443214500517,75.6338005324798
"183",1998,3,27.85,73.025,2.8825,249.575,23.125,32.6,3.7,2.7008200640655,83.7254219860305,0,3.83733982596741,75.1171418411792
"184",1998,4,27.5,61.3,2.72,134.025,22.525,32.525,3.725,3.70248765345136,111.074629603541,0,3.75769396372942,72.3848196860733
"185",1998,5,26.05,61.75,2.525,91.675,20.675,31.45,3.225,3.58701683297815,111.197521822323,19.5225218223226,3.44316393984,73.3337141105554
"186",1998,6,23.9,65.5,2.255,32.125,18.1,29.725,2.825,3.17629696326214,95.2889088978641,63.1639088978641,3.01984386207025,74.6727348497443
"187",1998,7,25.75,55.825,2.2525,11.175,19.3,32.25,3.5,4.21319556404364,130.609062485353,119.434062485353,3.38109329599793,66.6204627558251
"188",1998,8,25.3,63.525,2.2675,46.25,18.525,32.125,3.675,3.54812836312291,109.99197925681,63.7419792568103,3.28985346025029,68.9240425872187
"189",1998,9,25.05,66.2,2.2375,110.175,18.575,31.575,3.925,3.3083994781244,99.251984343732,0,3.24011724789073,69.0561429978061
"190",1998,10,26.925,75.275,2.65,240.85,21.225,32.675,3.875,2.55952790584694,79.3453650812552,0,3.63003433059825,73.0020644064616
"191",1998,11,26.675,70.47501,2.6725,266.575,21.6,31.85,4,2.88693395499913,86.608018649974,0,3.57574379739905,74.7396947718665
"192",1998,12,27.45,75.5,2.8025,314.575,22.775,32.2,3.85,2.49427762754986,77.3226064540455,0,3.74643680019946,74.8044114837543
"193",1999,1,27.05,77.35,2.8275,274.675,22.525,31.625,3.725,2.27759963776876,70.6055887708314,0,3.65745350610824,77.3078863552973
"194",1999,2,26.825,83.5,2.8,263,22.35,31.375,3.4,1.77168194532246,49.6070944690288,0,3.60823077194642,77.6003580970951
"195",1999,3,26.725,79.05,2.8175,284.975,22.025,31.475,3.3,2.11235440045513,65.4829864141091,0,3.58654376401794,78.5575246081372
"196",1999,4,25.775,73.90001,2.5475,180.6,20.775,30.8,3.2,2.56134491379104,76.8403474137313,0,3.38622755327773,75.231211131518
"197",1999,5,24.7,61.55,2.4725,71.175,19.4,30.075,3,3.44971445858754,106.941148216214,35.7661482162138,3.17161095524464,77.9572285154149
"198",1999,6,23.625,59.45,2.2525,83.05,17.875,29.4,2.85,3.60495754272747,108.148726281824,25.0987262818241,2.9691878303026,75.8624960338208
"199",1999,7,24.3,41.625,2.1825,17.9,17.825,30.825,3.55,5.16395476547023,160.082597729577,142.182597729577,3.0948992638795,70.5192581054869
"200",1999,8,23.625,44.6,2.1175,19.975,16.725,30.525,3.85,4.88426386204292,151.41217972333,131.43717972333,2.9691878303026,71.3157981583199
"201",1999,9,26.125,49.50001,2.3,168.85,19.7,32.625,4.525,4.74659175752825,142.397752725848,0,3.45883912658844,66.4962987818563
"202",1999,10,26.3,60.425,2.5075,176.55,20.6,32.1,4.3,3.75507469173263,116.407315443711,0,3.49566171255708,71.731769438461
"203",1999,11,26.825,63.9,2.73,190.625,21.75,32,4.175,3.4048228465262,102.144685395786,0,3.60823077194642,75.6603491446677
"204",1999,12,26.7,75.525,2.805,242.75,22.025,31.4,3.675,2.39603956285276,74.2772264484356,0,3.58114015962998,78.3270096943044
"205",2000,1,26.95,72.675,2.8025,270.075,22.35,31.625,3.9,2.65897144294047,82.4281147311545,0,3.63550349492227,77.0869840701369
"206",2000,2,26.4,78.975,2.7925,288.925,21.9,30.95,3.425,2.08724883700161,58.4429674360452,0,3.51685939123748,79.4032313875761
"207",2000,3,26.375,73.75,2.75,276.85,21.675,31.125,3.475,2.52992242320315,78.4275951192976,0,3.51154928000131,78.3130117427534
"208",2000,4,26.95,72.3,2.685,114.275,21.775,32.175,3.375,2.7667985377604,83.0039561328119,0,3.63550349492227,73.8549695729947
"209",2000,5,24.925,59.425,2.4575,98.75,19.55,30.35,3.125,3.65636186555517,113.34721783221,14.5972178322104,3.21550101198176,76.4266592000047
"210",2000,6,23.875,56.325,2.2825,80.32501,18.15,29.65,2.95,3.86467354642474,115.940206392742,35.615196392742,3.01520717915655,75.6996075022112
"211",2000,7,23.675,49.475,2.075,65.1,17.225,30.15,3.35,4.51824404316035,140.065565337971,74.965565337971,2.97834133775626,69.6696504761005
"212",2000,8,25.4,48.775,2.3325,55.475,18.875,31.975,3.925,4.68531164168477,145.244660892228,89.7696608922279,3.30993741632221,70.4696103466428
"213",2000,9,25.975,56.05,2.295,79.55,19.575,32.425,4.325,4.2003812683786,126.011438051358,46.4614380513579,3.42755198467444,66.9574089688968
"214",2000,10,26.475,74.2,2.5775,166.35,20.8,32.2,3.875,2.63002042762054,81.5306332562367,0,3.53283260780448,72.9584524980315
"215",2000,11,27.55,71.925,2.7475,355.625,22.475,32.7,4.075,2.83697620691113,85.109286207334,0,3.76898119185921,72.8976840196086
"216",2000,12,26.525,69.67501,2.8175,234.55,21.85,31.3,3.8,2.84191527309794,88.0993734660361,0,3.54351723802879,79.5113953380211
"217",2001,1,26.65,76.2,2.83,404.925,22.175,31.175,3.65,2.31862827443314,71.8774765074275,0,3.57035466889915,79.2638340569278
"218",2001,2,26.75,80.55,2.835,334.425,22.2,31.375,3.425,1.98330904018322,55.5326531251302,0,3.59195461899708,78.9263869038404
"219",2001,3,26.425,74.825,2.7675,312.55,21.775,31.15,3.425,2.44134724909309,75.6817647218859,0,3.52217664405788,78.5735719606493
"220",2001,4,26.275,63.125,2.655,118.95,21.3,31.275,3.475,3.42293220606679,102.687966182004,0,3.49038008445731,76.066214445319
"221",2001,5,24.1,55.8,2.3475,95.15001,18.85,29.375,3.1,3.87699904567208,120.186970415834,25.0369604158345,3.05716648685081,76.7867896660793
"222",2001,6,22.9,46.375,2.205,35.65,17,28.825,2.975,4.53324375866743,135.997312760023,100.347312760023,2.83924824824768,77.6614021461801
"223",2001,7,24.05,50.625,2.205,40.25,17.675,30.475,3.275,4.40708899794167,136.619758936192,96.3697589361917,3.04779753102603,72.3473254884387
"224",2001,8,25.05,28.65,2.2325,36.575,18.025,32.175,4.424999,6.31540571773888,195.777577249905,159.202577249905,3.24011724789073,68.901827594459
"225",2001,9,26.175,55.45,2.2925,83.05,19.775,32.625,4.4,4.27665346354472,128.299603906342,45.2496039063416,3.46932448946728,66.0791461553952
"226",2001,10,27.25,59.6,2.6825,130.3,21.575,32.95,4.4,3.84990437286947,119.347035558954,0,3.70170740416279,72.4665595390756
"227",2001,11,26.775,62.975,2.7175,193.65,21.95,31.625,4.175,3.46387219030333,103.9161657091,0,3.59737273300979,75.5412408356797
"228",2001,12,26.475,73.3,2.7975,203.4,21.975,31.05,3.7,2.54887777612345,79.015211059827,0,3.53283260780448,79.1857500924318
"229",2002,1,27.075,69.34999,2.87,280.875,22.575,31.65,3.95,2.90426796677768,90.0323069701082,0,3.66295939002137,78.3519470027008
"230",2002,2,26.45,77.275,2.83,319.9,21.975,30.975,3.45,2.20814333449506,61.8280133658616,0,3.52750104679873,80.2267657033942
"231",2002,3,27,66.875,2.8275,265.625,22.325,31.725,3.7,3.11950719587746,96.7047230722012,0,3.646463812692,77.540876455664
"232",2002,4,26.8,63.7,2.675,151.975,21.7,31.925,3.575,3.44089215193224,103.226764557967,0,3.60279811450664,74.2478461179695
"233",2002,5,25.1,48.825,2.505,123.225,19.8,30.45,3.3,4.48365045566109,138.993164125494,15.7681641254939,3.25001061026615,77.0766714449236
"234",2002,6,23.275,40.1,2.3,35.575,17.675,28.925,3.05,5.00242066595616,150.072619978685,114.497619978685,2.90581166230931,79.1517230738946
"235",2002,7,24.1,47.72501,2.1625,43.45,17.925,30.35,3.4,4.65704841696156,144.368500925808,100.918500925808,3.05716648685081,70.735434569924
"236",2002,8,24.85,37.425,2.28,52.375,18.2,31.525,4.099999,5.53189165297006,171.488641242072,119.113641242072,3.20081130034727,71.2319404693627
"237",2002,9,25.65,47.95,2.2725,71.75,19.225,32.15,4.5,4.81739040903697,144.521712271109,72.771712271109,3.36062546245471,67.6213408899215
"238",2002,10,27.05,56.225,2.6725,203.75,21.45,32.725,4.45,4.10269139281861,127.183433177377,0,3.65745350610824,73.0699650873677
"239",2002,11,27,64.225,2.7225,158.8,21.625,32.425,4.25,3.41223771898476,102.367131569543,0,3.646463812692,74.6613744122176
"240",2002,12,27.05,77.55001,2.825,251.35,22.4,31.8,3.7,2.27012399668213,70.3738438971461,0,3.65745350610824,77.2395327864598
"241",2003,1,27.425,71.2,2.9075,272.625,22.925,31.975,3.95,2.77832494913911,86.1280734233124,0,3.7408194709366,77.7236117003006
"242",2003,2,26.9,77.275,2.845,274.8,22.35,31.5,3.575,2.2570612291848,63.1977144171745,0,3.62457248463446,78.4920155979972
"243",2003,3,26.55,73.2,2.8275,289.975,22.1,31.05,3.425,2.54681241651074,78.9511849118328,0,3.54887032397685,79.6732408309445
"244",2003,4,26.1,69.275,2.605,130.475,20.975,31.25,3.325,2.94195227106654,88.2585681319961,0,3.45360702490225,75.4283849093611
"245",2003,5,25.3,57.95,2.4825,92.05,19.95,30.675,3.175,3.8074222947898,118.030091138484,25.9800911384839,3.28985346025029,75.4592880806044
"246",2003,6,24.25,41.375,2.3775,39.225,18.45,30.125,3.2,5.03101444036697,150.930433211009,111.705433211009,3.08542740442406,77.0557750472756
"247",2003,7,23.9,38.2,2.14,21.45,17.275,30.55,3.55,5.39748964077054,167.322178863887,145.872178863887,3.01984386207025,70.8645909438815
"248",2003,8,23.425,47.3,1.995,97.175,16.775,30.1,3.85,4.70673084691802,145.908656254459,48.7336562544587,2.93282381789667,68.0231791567608
"249",2003,9,24.6,61.975,2.1075,115.75,18.175,31.1,4.075,3.65677019544137,109.703105863241,0,3.1522760316645,66.8564547910855
"250",2003,10,26.375,64.85,2.58,118.85,20.5,32.325,4.15,3.37631961362347,104.665908022328,0,3.51154928000131,73.4718437441105
"251",2003,11,26.725,63.05,2.67,188.425,21.4,32.125,4.25,3.4983320537561,104.949961612683,0,3.58654376401794,74.4449301521655
"252",2003,12,27.225,68.40001,2.86,267.825,22.625,31.9,4,3.00872389063746,93.2704406097614,0,3.69614975351244,77.3778172078161
"253",2004,1,27.125,73.1,2.9025,362.875,22.8,31.475,3.775,2.58232199356262,80.0519818004411,0,3.67399327500529,79.0012333377454
"254",2004,2,26.425,75.35001,2.805,255.9,21.85,31.025,3.525,2.37313473205334,66.4477724974935,0,3.52217664405788,79.6382545075416
"255",2004,3,27.125,72.42501,2.84,232.75,22.225,32.1,3.575,2.69068260928154,83.4111608877276,0,3.67399327500529,77.3000870557096
"256",2004,4,26.75,64.85001,2.6875,158.475,21.775,31.75,3.475,3.33090855613429,99.9272566840286,0,3.59195461899708,74.8199875852103
"257",2004,5,24.45,67.3,2.4475,86.85,19.15,29.8,2.85,2.98000266401566,92.3800825844856,5.53008258448561,3.1234703614137,78.3583551883695
"258",2004,6,23.725,46.65,2.2725,74.3,17.95,29.55,3.1,4.59692637125332,137.9077911376,63.6077911375998,2.98751996638345,76.0664372312458
"259",2004,7,23.825,47.72501,2.1825,55.85,17.475,30.2,3.3,4.60790124411813,142.844938567662,86.9949385676619,3.00595282697884,72.6059298207131
"260",2004,8,25.475,47.55,2.245,62.95001,18.7,32.325,4.099999,4.85646980513873,150.550563959301,87.6005539593006,3.32507191003143,67.5173367898315
"261",2004,9,26.175,57.1,2.2675,81.725,19.75,32.65,4.4,4.15865496094823,124.759648828447,43.0346488284469,3.46932448946728,65.3585447796547
"262",2004,10,27.65,63.75,2.7425,134.8,22.025,33.325,4.325,3.53492870541286,109.582789867799,0,3.79164612057477,72.3300622681599
"263",2004,11,27.775,67.85,2.8,197.325,22.7,32.9,4.225,3.16805288337346,95.0415865012039,0,3.82014763799144,73.2955965406663
"264",2004,12,27.35,74.925,2.805,257,22.625,32.125,3.875,2.52705985426749,78.338855482292,0,3.7240123890881,75.3219835739285
"265",2005,1,27.475,66.425,2.8725,269.35,22.775,32.275,4.125,3.20010167374518,99.2031518861005,0,3.75206162823612,76.5579109464251
"266",2005,2,26.925,78.175,2.89,302.7,22.5,31.45,3.525,2.16430154709302,60.6004433186046,0,3.63003433059825,79.6135721262921
"267",2005,3,26.75,66.95,2.8125,251.05,22,31.525,3.675,3.08864613453865,95.7480301706981,0,3.59195461899708,78.2999870077782
"268",2005,4,26.625,62.675,2.67,181.3,21.675,31.625,3.525,3.49939265489251,104.981779646775,0,3.56497276571253,74.8953828113284
"269",2005,5,24.8,46.05,2.5275,85.125,19.5,30.175,3.3,4.6444798756627,143.978876145544,58.8538761455438,3.19105137408698,79.2058699062207
"270",2005,6,23.825,32.225,2.365,34.975,18.225,29.5,3.275,5.66504940125142,169.951482037543,134.976482037543,3.00595282697884,78.6772160485619
"271",2005,7,23.375,34.375,2.1625,43.925,16.9,29.9,3.45,5.58814374210608,173.232456005289,129.307456005289,2.92379502160735,73.9620932390524
"272",2005,8,25.4,45.675,2.2325,29.825,18.575,32.275,4.125,5.00158137663839,155.04902267579,125.22402267579,3.30993741632221,67.4484051870869
"273",2005,9,25.075,57.275,2.1375,56.3,18.65,31.525,4.225001,4.06733537501453,122.020061250436,65.720061250436,3.24506057346449,65.8693405441724
"274",2005,10,26.3,66.275,2.6275,157.9,20.7,31.975,4,3.21643270323072,99.7094138001524,0,3.49566171255708,75.1645958921461
"275",2005,11,26.9,68.425,2.7225,110.65,21.8,32.075,4.075,3.05282524751951,91.5847574255854,0,3.62457248463446,75.1123066662733
"276",2005,12,26.8,75.55,2.8575,201.375,22.125,31.5,3.625,2.37853270675377,73.734513909367,0,3.60279811450664,79.3133533764852
"277",2006,1,27.325,75.05,2.885,292.675,22.8,31.9,3.8,2.46667103935755,76.4668022200839,0,3.71842496825956,77.586613273801
"278",2006,2,27.15,78.175,2.8575,244.625,22.725,31.675,3.6,2.20836899662253,61.8343319054307,0,3.67952129319994,77.65955873882
"279",2006,3,26.875,67.85,2.8125,230.7,21.975,31.85,3.7,3.04195838739513,94.3007100092491,0,3.61911794853099,77.712305594837
"280",2006,4,25.925,66.475,2.59,198.25,20.825,31.075,3.375,3.15145564844473,94.543669453342,0,3.41717903376628,75.7935119701764
"281",2006,5,25.6,49.575,2.4575,144.575,20.275,30.975,3.45,4.52731980951048,140.346914094825,0,3.35043294955436,73.348729462766
"282",2006,6,23.725,39.95,2.35,42.95,17.95,29.575,3.1,5.07041653334591,152.112496000377,109.162496000377,2.98751996638345,78.6605621533235
"283",2006,7,24.9,27.725,2.2375,62.15,18.175,31.65,3.875,6.3328392071443,196.318015421473,134.168015421473,3.21059778800921,69.6910714994108
"284",2006,8,24.025,39.375,2.205,46.875,17.2,30.925,3.95,5.30572207956914,164.477384466643,117.602384466643,3.04312264698702,72.4584663777241
"285",2006,9,25.25,49.275,2.2,63.65,18.575,31.95,4.425,4.70161546546239,141.048463963872,77.3984639638718,3.27985221061408,67.076193033347
"286",2006,10,26.675,70.22501,2.6925,136.85,21.275,32.125,3.925,2.90348175754309,90.0079344838359,0,3.57574379739905,75.2990189609917
"287",2006,11,26.75,64.225,2.7,202.575,21.65,31.875,4.15,3.37887244765176,101.366173429553,0,3.59195461899708,75.1679875274671
"288",2006,12,26.9,77.675,2.795,239.375,22.425,31.4,3.625,2.24728720364123,69.6659033128781,0,3.62457248463446,77.1125425646405
"289",2007,1,27.3,74.075,2.8675,265.4,22.75,31.875,3.85,2.55025921782337,79.0580357525243,0,3.71284500291622,77.2318800743836
"290",2007,2,26.5,76.275,2.765,238.65,22.025,31.05,3.575,2.33091119422967,65.2655134384307,0,3.53817133542761,78.1477135466599
"291",2007,3,26.525,68.75002,2.76,256.825,21.75,31.35,3.625,2.94568422062012,91.3162108392236,0,3.54351723802879,77.8887138005104
"292",2007,4,26.35,62.15001,2.705,188.05,21.35,31.35,3.475,3.48275292974122,104.482587892237,0,3.5062463020212,77.1480314557676
"293",2007,5,24.325,55.175,2.3775,91.77501,18.975,29.725,3.125,3.94714088793845,122.361367526092,30.586357526092,3.09964489435225,76.7023346555585
"294",2007,6,24.375,29.35,2.28,21.675,18.375,30.45,3.5,6.05486375576773,181.645912673032,159.970912673032,3.10915559516518,73.3318076311607
"295",2007,7,24.025,38.2,2.15,41.45,17.65,30.425,3.55,5.39773699082531,167.329846715585,125.879846715585,3.04312264698702,70.6511123410915
"296",2007,8,23.775,34.7,2.09,27.925,16.725,30.9,4.125,5.70909006971329,176.981792161112,149.056792161112,2.99672377610936,69.742831043088
"297",2007,9,26.15,60.47501,2.2425,47.35,19.3,33.075,4.375,3.91872731050482,117.561819315145,70.2118193151445,3.46407827869435,64.7358350356109
"298",2007,10,26.7,65.325,2.585,174.125,20.875,32.525,4.175,3.36898136674946,104.438422369233,0,3.58114015962998,72.1837148163198
"299",2007,11,26.925,64.45,2.7225,203.425,21.825,32.075,4.175,3.37428635612161,101.228590683648,0,3.63003433059825,74.9992906968271
"300",2007,12,26.275,72.27501,2.745,250.925,21.725,30.875,3.725,2.63311343663739,81.6265165357592,0,3.49038008445731,78.6447301892281
"301",2008,1,26.25,74.075,2.79,347.05,22.025,30.5,3.65,2.4508826458821,75.9773620223451,0,3.48510555638206,80.0549640423615
"302",2008,2,26.525,76.275,2.765,263.05,22.025,31.125,3.6,2.33658794279914,65.424462398376,0,3.54351723802879,78.0298165429027
"303",2008,3,25.975,72.2,2.7,240,21.325,30.65,3.45,2.62649565999169,81.4213654597425,0,3.42755198467444,78.7734223163491
"304",2008,4,25.7,60.175,2.6,127.075,20.75,30.7,3.45,3.60970056750642,108.291017025192,0,3.37084555633763,77.1319823630501
"305",2008,5,23.7,56.65,2.375,102.525,17.95,29.5,3,3.76110643224451,116.59429939958,14.0692993995799,2.98292750818064,79.6197692866017
"306",2008,6,22.85,51.6,2.2,32.775,16.85,28.95,2.9,4.14391206637797,124.317361991339,91.5423619913391,2.83047654465597,77.7254276900357
"307",2008,7,24.025,34.375,2.1925,33.275,17.1,30.95,3.625,5.69973522657096,176.6917920237,143.4167920237,3.04312264698702,72.0477040966713
"308",2008,8,25.125,31.725,2.2975,36.45,18.225,32.075,4.3,6.03478559244982,187.078353365944,150.628353365944,3.25496736621008,70.5844250191391
"309",2008,9,25.075,45.475,2.205,52.3,18.25,31.9,4.5,4.97952750299749,149.385825089925,97.0858250899248,3.24506057346449,67.9494249824094
"310",2008,10,27.725,60.875,2.65,168.025,22.05,33.425,4.525,3.82579071642765,118.599512209257,0,3.80872425554157,69.5771030455759
"311",2008,11,27.15,63.5,2.7075,198.9,22.025,32.35,4.3,3.49156127857733,104.74683835732,0,3.67952129319994,73.582941482189
"312",2008,12,26.6,75.80001,2.735,268.175,21.95,31.3,3.7,2.40022616612903,74.4070111499999,0,3.55959807942953,76.8345172396069
"313",2009,1,26.6,72.15,2.7875,242.125,21.975,31.3,3.825,2.66577328053125,82.6389716964689,0,3.55959807942953,78.3094028538955
"314",2009,2,26.675,77.275,2.78,299.425,22.125,31.225,3.575,2.26051014794249,63.2942841423897,0,3.57574379739905,77.7460622884149
"315",2009,3,26.625,67.1,2.785,281.15,22.05,31.275,3.675,3.07325309255959,95.2708458693471,0,3.56497276571253,78.1212139061984
"316",2009,4,26.175,71.35001,2.725,225.9,21.375,31.025,3.175,2.71266059457585,81.3798178372756,0,3.46932448946728,78.5455499557042
"317",2009,5,25.225,55.5,2.4675,77.625,20.025,30.45,3.225,3.99200376901006,123.752116839312,46.1271168393119,3.27486173996959,75.3466923468626
"318",2009,6,23.3,54.725,2.26,29.125,17.775,28.9,2.825,3.91143845113952,117.343153534186,88.2181535341856,2.91029824143566,77.6552714709105
"319",2009,7,23.825,37.275,2.1925,57.325,17.8,29.925,3.475,5.3989823896013,167.36845407764,110.04345407764,3.00595282697884,72.9386030386774
"320",2009,8,24.675,27.625,2.235,61.825,17.8,31.6,4.325,6.31612571100398,195.799897041123,133.974897041123,3.16676735364951,70.5767033193739
"321",2009,9,25.55,36.95,2.2825,93.225,19.075,32.025,4.7,5.66685390723967,170.00561721719,76.78061721719,3.34026795296873,68.3328413210498
"322",2009,10,27.425,54.825,2.66,135.65,21.525,33.425,4.625,4.28964046928232,132.978854547752,0,3.7408194709366,71.1074143156662
"323",2009,11,27.7,61.25,2.8,179.625,22.75,32.725,4.425,3.69387042064156,110.816112619247,0,3.8030239608252,73.6256207913147
"324",2009,12,26.925,78.55001,2.8,258.8,22.6,31.275,3.625,2.17327226691558,67.3714402743831,0,3.63003433059825,77.1342567313557
"325",2010,1,27.325,73.1,2.8825,288.25,23.075,31.675,3.875,2.62172361083671,81.2734319359379,0,3.71842496825956,77.519380506666
"326",2010,2,27.625,78.175,2.9125,308.5,23.45,31.825,3.625,2.22440111006881,62.2832310819268,0,3.78596855753206,76.9287952538769
"327",2010,3,27.425,67.8,2.9275,266.675,22.9,31.975,3.7,3.04196018380824,94.3007656980555,0,3.7408194709366,78.2582539132003
"328",2010,4,26.75,68.35001,2.71,104.125,21.6,31.95,3.4,3.04585918187622,91.3757754562865,0,3.59195461899708,75.4463874812725
"329",2010,5,24,50.75,2.49,156.625,18.725,29.325,3.025,4.1722359196215,129.339313508266,0,3.03845414873837,81.9495663949346
"330",2010,6,24.225,33.875,2.4025,38.1,18.125,30.4,3.275,5.6119057697788,168.357173093364,130.257173093364,3.08070116011329,77.9854934034449
"331",2010,7,23.35,42.02501,2.1425,48.15,17,29.75,3.35,5.00057808101137,155.017920511352,106.867920511352,2.91928991370546,73.3911349448853
"332",2010,8,24.275,54.1,2.1875,24.65,17.175,31.45,3.75,4.2175724145994,130.744744852581,106.094744852581,3.09016010312604,70.7892124355336
"333",2010,9,26.175,47.225,2.3625,59.075,19.75,32.625,4.525,4.8980480013211,146.941440039633,87.8664400396331,3.46932448946728,68.0968300074683
"334",2010,10,26.575,64.22501,2.5975,198.325,20.85,32.34999,4.2,3.43522372381203,106.491935438173,0,3.55423060164873,73.0819209872055
"335",2010,11,27.075,71.075,2.6325,182.85,21.675,32.55,4.125,2.91782134362739,87.5346403088218,0,3.66295939002137,71.8681186357526
"336",2010,12,27,76.47501,2.7675,232.8,22.15,31.85,3.775,2.3791381175576,73.7532816442857,0,3.646463812692,75.8954467165517
"337",2011,1,27.25,73.1,2.8225,266.675,22.95,31.65,3.9,2.64493648366694,81.9930309936753,0,3.70170740416279,76.2485980611522
"338",2011,2,26.1,81.075,2.78,327.7,21.925,30.325,3.325,1.88247439405126,52.7092830334353,0,3.45360702490225,80.4955508821588
"339",2011,3,26.2,72.375,2.7575,307.425,21.65,30.85,3.425,2.61289706531615,80.9998090248006,0,3.47457776716257,79.3621609526342
"340",2011,4,26.775,63.475,2.6825,239.15,21.775,31.775,3.55,3.44603922202019,103.381176660606,0,3.59737273300979,74.5683085710068
"341",2011,5,24.4,46.775,2.4875,96.375,18.9,30,3.225,4.55963906483095,141.348811009759,44.9738110097594,3.11392068087913,79.883216527459
"342",2011,6,25.375,39.325,2.4025,39.2,19.625,31.15,3.4,5.35029590348918,160.508877104675,121.308877104675,3.30490622522748,72.6949521793052
"343",2011,7,25.275,35.375,2.1925,51.72499,18.85,31.8,3.85,5.80594975374028,179.984442365949,128.259452365949,3.28484944805126,66.7458291368787
"344",2011,8,24.525,39.4,2.205,37.425,17.725,31.4,4.099999,5.38127853867903,166.81963469905,129.39463469905,3.13784377068651,70.2711849646225
"345",2011,9,26.55,46.1,2.3225,92.825,19.6,33.525,4.75,5.09009604619576,152.702881385873,59.8778813858727,3.54887032397685,65.4433605057007
"346",2011,10,26.4,69.175,2.595,144.775,20.725,32.15,4,3.01685625371494,93.5225438651631,0,3.51685939123748,73.7874254076132
"347",2011,11,27.2,58.47501,2.75,195.325,22.1,32.375,4.425,3.8819008891438,116.457026674314,0,3.69059952386667,74.5136388333677
"348",2011,12,26.625,73.925,2.8,349.3,22.075,31.2,3.7,2.51389046949094,77.9306045542191,0,3.56497276571253,78.5419744837901
"349",2012,1,26.675,75.975,2.7875,257.95,22.325,31.125,3.7,2.36266337258448,73.242564550119,0,3.57574379739905,77.9558088593368
"350",2012,2,25.95,79.175,2.74,279.75,21.4,30.55,3.375,2.04733468466079,57.3253711705021,0,3.42236201276351,80.0616647152264
"351",2012,3,26.25,66.525,2.7975,213.375,21.575,30.975,3.6,3.06356454284948,94.9705008283339,0,3.48510555638206,80.2701655586044
"352",2012,4,26.625,61.225,2.71,195.325,21.8,31.5,3.525,3.59005490514303,107.701647154291,0,3.56497276571253,76.0174110182397
"353",2012,5,24.7,46.625,2.5125,95.475,19.375,30.075,3.25,4.59083238026888,142.315803788335,46.8408037883353,3.17161095524464,79.2184172477169
"354",2012,6,23.6,40.225,2.3225,52.325,18.075,29.125,3.1,5.02377888370789,150.713366511237,98.3883665112368,2.9646204783219,78.3405504003882
"355",2012,7,24.3,33.45,2.2125,29.35,17.85,30.825,3.65,5.78651313601318,179.381907216409,150.031907216409,3.0948992638795,71.488594986662
"356",2012,8,24.425,31.35,2.215,38.05001,17.525,31.375,4.2,5.99409946872953,185.817083530616,147.767073530616,3.11869226705999,71.0233588416242
"357",2012,9,26.55,40.825,2.3575,77.37499,19.9,33.25,4.8,5.48513266992311,164.553980097693,87.1789900976932,3.54887032397685,66.429589835173
"358",2012,10,27.25,59.675,2.6675,99.02501,21.525,33.05,4.424999,3.85800009677849,119.598003000133,20.5729930001332,3.70170740416279,72.0613411259959
"359",2012,11,26.725,64.9,2.76,258,21.975,31.575,4.075,3.28407568209382,98.5222704628146,0,3.58654376401794,76.954309820216
"360",2012,12,26.55,73.20001,2.805,270.8,22.175,31,3.7,2.55865172625674,79.318203513959,0,3.54887032397685,79.039236261998
"361",2013,1,26.95,72.15,2.8625,269,22.375,31.55,3.825,2.66491584374047,82.6123911559546,0,3.63550349492227,78.7373744516564
"362",2013,2,26.375,78.175,2.8,306.425,21.95,30.825,3.425,2.14003137668339,59.9208785471349,0,3.51154928000131,79.7368846835307
"363",2013,3,26.625,73.2,2.8275,270.75,21.925,31.425,3.45,2.56784099054225,79.6030707068096,0,3.56497276571253,79.3133688760416
"364",2013,4,25.7,68.67501,2.63,128,20.675,30.75,3.25,2.92104376301506,87.6313128904518,0,3.37084555633763,78.0219667749315
"365",2013,5,24.475,57.425,2.4875,85.1,19.075,29.925,3.025,3.73260442958775,115.71073731722,30.6107373172203,3.12825497165392,79.5171756311426
"366",2013,6,23.9,41.65,2.445,89.57501,18.7,29.15,3,4.88115148223387,146.434544467016,56.859534467016,3.01984386207025,80.9644508681263
"367",2013,7,23.625,40.1,2.1625,23.925,17.475,29.8,3.4,5.16715382936195,160.18176871022,136.25676871022,2.9691878303026,72.8313641168202
"368",2013,8,23.325,31.85,2.085,56.52501,16.425,30.225,4.075,5.83980397963922,181.033923368816,124.508913368816,2.91479098944253,71.5317155690388
"369",2013,9,25.3,37.925,2.275,101.075,18.85,31.825,4.625,5.56108463964117,166.832539189235,65.7575391892352,3.28985346025029,69.1520162672205
"370",2013,10,26.15,70.875,2.62,231.775,20.9,31.45,3.8,2.81898358466659,87.3884911246643,0,3.46407827869435,75.6333947796212
"371",2013,11,27,69.55,2.6925,240.825,22.1,31.95,4.075,2.98189783376189,89.4569350128566,0,3.646463812692,73.8386595426615
"372",2013,12,26.75,72,2.83,281.425,22.3,31.275,3.775,2.66897966907729,82.738369741396,0,3.59195461899708,78.7871869269377
"373",2014,1,26.525,75.05,2.825,282.975,22.425,30.7,3.65,2.389316089166,74.068798764146,0,3.54351723802879,79.7230494516094
"374",2014,2,26.625,79.175,2.835,334.4,22.425,30.875,3.4,2.06732868499101,57.8852031797483,0,3.56497276571253,79.5237491648375
"375",2014,3,26.45,74.2,2.7925,305.675,21.95,31,3.4,2.47454379732823,76.7108577171751,0,3.52750104679873,79.1636901861231
"376",2014,4,26.875,62.3,2.74,162.75,22.125,31.675,3.525,3.51941304625204,105.582391387561,0,3.61911794853099,75.7090550506145
"377",2014,5,24.6,59.85,2.4975,137.575,19.7,29.55,2.95,3.53631734897592,109.625837818254,0,3.1522760316645,79.2284677773362
"378",2014,6,24.725,45.875,2.385,39.2,18.975,30.475,3.175,4.74028298450142,142.208489535043,103.008489535043,3.17646115028404,75.0835564221125
"379",2014,7,24.3,56.375,2.1825,58.9,18.2,30.425,3.25,3.99280689247712,123.777013666791,64.8770136667909,3.0948992638795,70.5192581054869
"380",2014,8,25.7,30.9,2.2525,50.72501,18.9,32.575,4.5,6.21607070646629,192.698191900455,141.973181900455,3.37084555633763,66.8229962587578
"381",2014,9,26.675,41.725,2.3225,101.95,20.25,33.15,4.825,5.43781615152097,163.134484545629,61.1844845456291,3.57574379739905,64.9515214621739
"382",2014,10,27.25,63.45,2.665,135.675,21.45,33.09999,4.325,3.55351926495206,110.159097213514,0,3.70170740416279,71.993804723816
"383",2014,11,27.575,60.85001,2.7625,181.05,22.475,32.775,4.425,3.73616583106079,112.084974931824,0,3.77463610190331,73.1858628334277
"384",2014,12,26.9,74.8,2.84,262.725,22.275,31.6,3.725,2.46281817221205,76.3473633385736,0,3.62457248463446,78.3540682946616
"385",2015,1,26.625,75.05,2.8425,270.475,22.125,31.225,3.675,2.40560218136987,74.5736676224659,0,3.56497276571253,79.7341294536334
"386",2015,2,26.925,79.175,2.86,266.375,22.525,31.375,3.475,2.09526841656035,58.6675156636898,0,3.63003433059825,78.7871336613133
"387",2015,3,27.375,72.42501,2.82,257.725,22.65,32.125,3.65,2.72280457866744,84.4069419386908,0,3.72960727404281,75.6111781427105
"388",2015,4,27.225,61.025,2.695,198.925,22.25,32.225,3.675,3.69858533208317,110.957559962495,0,3.69614975351244,72.9137123689036
"389",2015,5,25.15,65.55,2.5475,104.15,20.2,30.15,2.95,3.1401414632542,97.3443853608802,0,3.25993084921847,78.1458294003609
"390",2015,6,24.3,40.45,2.4375,51.3,18.675,30.025,3.175,5.07043045064535,152.112913519361,100.812913519361,3.0948992638795,78.7586215954751
"391",2015,7,24.675,43.925,2.1825,64.35,18.225,31.2,3.55,5.04268469984183,156.323225695097,91.9732256950969,3.16676735364951,68.9188612950933
"392",2015,8,26.025,39.525,2.4875,52.35,19.225,32.9,4.175,5.45176898993259,169.00483868791,116.65483868791,3.43795294000957,72.35410267114
"393",2015,9,27.45,35.175,2.36,96.95,21.025,33.95,5.175,6.07013121142146,182.103936342644,85.1539363426437,3.74643680019946,62.9931886178984
"394",2015,10,26.95,55.575,2.73,108.4,21.325,32.65,4.424999,4.11243665687437,127.485536363105,19.0855363631055,3.63550349492227,75.0927623591343
"395",2015,11,27.55,55.175,2.83,210.125,22.475,32.65,4.5,4.15197581241596,124.559274372479,0,3.76898119185921,75.0866044678771
"396",2015,12,27.675,66.275,2.87,185.525,22.925,32.5,4.175,3.23929949930681,100.418284478511,0,3.79733125208912,75.5793953561743
"397",2016,1,28.45,71.2,2.945,265.125,23.675,33.3,4.2,2.89845891621726,89.8522264027352,0,3.97737237820145,74.0438591101122
"398",2016,2,27.7,79.075,2.96,309.15,23.2,32.25,3.625,2.14639803945711,60.099145104799,0,3.8030239608252,77.832799122247
"399",2016,3,27.25,71.25,2.9175,244.175,22.4,32.1,3.6,2.75350418716791,85.3586298022054,0,3.70170740416279,78.8149813439899
"400",2016,4,26.775,60.575,2.74,195.05,21.925,31.675,3.575,3.64783004335783,109.434901300735,0,3.59737273300979,76.1666972915409
"401",2016,5,23.85,54.25,2.385,64.4,18.575,29.175,3.025,3.94138218890832,122.182847856158,57.782847856158,3.0105768366392,79.2206985377078
"402",2016,6,23.675,41.15,2.21,29.75,17.8,29.6,3.2,5.05467666626933,151.64029998808,121.89029998808,2.97834133775626,74.2023747239432
"403",2016,7,24.625,34.375,2.2425,64.97499,17.7,31.55,3.7,5.76972264147861,178.861401885837,113.886411885837,3.15709989963824,71.030378235955
"404",2016,8,25.125,38.65,2.23,65.65,18.05,32.225,4.2,5.53044133489336,171.443681381694,105.793681381694,3.25496736621008,68.5106715093276
"405",2016,9,25.275,51.375,2.1675,93.72499,18.775,31.85,4.45,4.55291371693959,136.587411508188,42.8624215081877,3.28484944805126,65.984759249343
"406",2016,10,27.725,63.2,2.6625,152.45,22.025,33.45,4.424999,3.63057812189841,112.547921778851,0,3.80872425554157,69.9052969278663
"407",2016,11,26.65,61.9,2.67,171.4,21.4,31.95,4.275001,3.57575371473071,107.272611441921,0,3.57035466889915,74.7824865484089
"408",2016,12,26.9,72.975,2.795,217.5,22.1,31.75,3.8,2.63664069296655,81.735861481963,0,3.62457248463446,77.1125425646405
"409",2017,1,27.1,75.05,2.8525,243.8,22.675,31.575,3.775,2.45306548222066,76.0450299488405,0,3.66847264346779,77.7571561036241
"410",2017,2,26.925,76.275,2.84,259,22.375,31.5,3.625,2.34121030130556,65.5538884365557,0,3.63003433059825,78.2361746846608
"411",2017,3,26.75,65.525,2.83,254.5,22.15,31.425,3.7,3.19311616915825,98.9866012439057,0,3.59195461899708,78.7871869269377
"412",2017,4,26.275,64.4,2.745,202.05,21.525,31.025,3.35,3.262790181185,97.8837054355499,0,3.49038008445731,78.6447301892281
"413",2017,5,24.825,55.25,2.5825,150,20.125,29.55,3.025,3.86871621343688,119.930202616543,0,3.19592802096123,80.8059500421186
"414",2017,6,24.025,43.975,2.355,38,18.45,29.625,3.075,4.78983045907442,143.694913772232,105.694913772232,3.04312264698702,77.3876137503584
"415",2017,7,24.425,38.2,2.2475,21.1,17.775,31.125,3.55,5.42414616199694,168.148531021905,147.048531021905,3.11869226705999,72.0654623009257
"416",2017,8,25.475,38.65,2.285,65.25,18.7,32.325,4.225,5.54328122291384,171.841717910329,106.591717910329,3.32507191003143,68.7203182916548
"417",2017,9,26,54.3,2.325,58.875,19.85,32.2,4.35,4.31648204562709,129.494461368813,70.6194613688128,3.43274895769009,67.7299746837445
"418",2017,10,26.825,58.47501,2.6375,134.9,21.125,32.55,4.35,3.90750610320031,121.13268919921,0,3.60823077194642,73.096765886103
"419",2017,11,26.625,66.625,2.6975,188.2,21.75,31.575,4.075,3.16760769498882,95.0282308496645,0,3.56497276571253,75.66677720358
"420",2017,12,26.55,74.87501,2.8225,353.725,22.225,30.925,3.625,2.41199434613631,74.7718247302257,0,3.54887032397685,79.5323509267342
"421",2018,1,26.45,71.2,2.8225,349.025,22.2,30.725,3.725,2.68856886873097,83.3456349306599,0,3.52750104679873,80.01415059994
"422",2018,2,26.5,79.72501,2.86,268.85,22.3,30.7,3.325,1.99124207620702,55.7547781337966,0,3.53817133542761,80.8327163629105
"423",2018,3,26.625,62.72501,2.83,329.175,22.175,31.125,3.725,3.39341188925772,105.195768566989,0,3.56497276571253,79.3834956389736
"424",2018,4,26.175,65.325,2.7425,153.325,21.225,31.175,3.325,3.18815811456161,95.6447434368482,0,3.46932448946728,79.0499709187225
"425",2018,5,25.05,55.25,2.475,95.95,19.7,30.45,3.2,3.99069005459407,123.711391692416,27.7613916924162,3.24011724789073,76.3861246567911
"426",2018,6,22.675,53.55,2.2125,53.65,17.425,27.975,2.75,3.92257804711191,117.677341413357,64.0273414133574,2.79996538009561,79.0188341516013
"427",2018,7,23.975,34.375,2.24,28.475,17.65,30.375,3.525,5.63741562027696,174.759884228586,146.284884228586,3.03379202869556,73.8349886482868
"428",2018,8,23.4,49.1,2.05,81.25,16.95,29.9,3.725,4.52417062967303,140.249289519864,58.999289519864,2.92830632053851,70.006337302274
"429",2018,9,25.825,41.85001,2.255,103.825,19.125,32.6,4.7,5.35345459845095,160.603637953529,56.7786379535286,3.39651688337255,66.3915439678578
"430",2018,10,27.7,61.3,2.6575,152.45,22,33.425,4.475,3.78499538210555,117.334856845272,0,3.8030239608252,69.8786025903281
"431",2018,11,26.65,70.45,2.725,224.3,22,31.325,3.925,2.83828628740146,85.1485886220439,0,3.57035466889915,76.3229497544623
"432",2018,12,26.375,74.87501,2.775,291.775,22,30.8,3.6,2.41713412428269,74.9311578527634,0,3.51154928000131,79.0249482131421
"433",2019,1,26.85,72.15,2.84,312.4,22.4,31.35,3.825,2.66235792640364,82.5330957185128,0,3.61367071379613,78.5904479109721
"434",2019,2,26.75,78.975,2.88,259.6,22.425,31.1,3.425,2.07583806126951,58.1234657155464,0,3.59195461899708,80.1791866959649
"435",2019,3,26.75,68.45,2.8625,274.95,22.1,31.425,3.575,2.93855825147502,91.0953057957257,0,3.59195461899708,79.6919867768054
"436",2019,4,26.675,61.55,2.76,163.575,21.675,31.725,3.525,3.55052853759734,106.51585612792,0,3.57574379739905,77.1867380992896
"437",2019,5,24.55,49.5,2.445,83.60001,19.3,29.85,3.225,4.37873821136587,135.740884552342,52.140874552342,3.14264797494438,77.80063244415
"438",2019,6,24.625,40.175,2.4,31.7,18.825,30.475,3.25,5.16951815406666,155.085544622,123.385544622,3.15709989963824,76.0191338980121
"439",2019,7,24.225,40.1,2.29,40.15,18.15,30.325,3.425,5.18520728538075,160.741425846803,120.591425846803,3.08070116011329,74.3337273231587
"440",2019,8,24.175,31,2.1025,33.325,17.075,31.3,4.275001,6.05320383819342,187.649318983996,154.324318983996,3.0712680040624,68.4570671533385
"441",2019,9,26.65,43.725,2.3775,41.175,20.1,33.225,4.7,5.24759000181158,157.427700054347,116.252700054347,3.57035466889915,66.5900231343979
"442",2019,10,26.175,65.12501,2.5475,129.3,20.55,31.875,4.099999,3.33593922015256,103.414115824729,0,3.46932448946728,73.4292801879473
"443",2019,11,26.775,69.55,2.6875,232.325,21.75,31.875,4.025,2.96225490292364,88.8676470877091,0,3.59737273300979,74.7072988945315
"444",2019,12,26.7,73.9,2.7775,284.75,22.275,31.15,3.725,2.53359420274632,78.5414202851361,0,3.58114015962998,77.5590978345564
"445",2020,1,27.5,66.425,2.9225,226.1,23,32.05,4.1,3.16714816491979,98.1815931125134,0,3.75769396372942,77.7737630634372
"446",2020,2,26.775,77.275,2.86,319.2,22.475,31.125,3.525,2.22696545281131,62.3550326787167,0,3.59737273300979,79.502465056134
"447",2020,3,27.825,71.25,2.9325,202.6,23.15,32.55,3.7,2.81743564275406,87.3405049253759,0,3.83160146967599,76.5345775965573
"448",2020,4,27.125,66.30001,2.7375,177.175,22.225,32.025,3.475,3.23241948809271,96.9725846427812,0,3.67399327500529,74.5102071531707
"449",2020,5,24.375,51.425,2.3575,73.65001,18.925,29.9,3.225,4.26411770934275,132.187648989625,58.5376389896254,3.10915559516518,75.8244458291497
"450",2020,6,23.675,51.65,2.295,42.175,18.3,29.075,2.925,4.17029853150651,125.108955945195,82.9339559451954,2.97834133775626,77.0563122133256
"451",2020,7,24.275,49.65,2.245,101.2,18.1,30.5,3.3,4.48314590757876,138.977523134942,37.7775231349417,3.09016010312604,72.6499574481248
"452",2020,8,24.95,36.725,2.2175,52.025,17.95,31.975,4.225,5.65793672062733,175.396038339447,123.371038339447,3.22041089985934,68.8576727925263
"453",2020,9,26.075,48.55,2.3025,78.04999,19.65,32.6,4.575,4.81680542927879,144.504162878364,66.4541728783638,3.44838196539649,66.7704454757308
"454",2020,10,27.725,63.2,2.7025,128.475,22.025,33.525,4.4,3.61686966008664,112.122959462686,0,3.80872425554157,70.9555173511958
"455",2020,11,27.475,63.825,2.7675,123.875,21.8,33.175,4.35,3.493029623864,104.79088871592,0,3.75206162823612,73.759449449689
"456",2020,12,26.75,72.975,2.785,265.825,22.075,31.45,3.775,2.61736758369397,81.138395094513,0,3.59195461899708,77.5343871348133
"457",2021,1,26.2,76.72501,2.84,275.225,21.9,30.55,3.5,2.21080629011846,68.5349949936722,0,3.47457776716257,81.7365501742452
"458",2021,2,26.575,81.075,2.8525,290.575,22.175,31,3.375,1.90354248736861,53.2991896463211,0,3.55423060164873,80.2564695345538
"459",2021,3,26.275,70.3,2.7975,317.35,21.65,30.925,3.475,2.7623696699316,85.6334597678796,0,3.49038008445731,80.1488643731751
"460",2021,4,26.075,67.22501,2.6925,202.325,21.325,30.875,3.275,3.04389006126456,91.3167018379368,0,3.44838196539649,78.0800974781347
"461",2021,5,24.325,53.325,2.4075,97.3,19.075,29.6,3.125,4.06669938066769,126.067680800698,28.7676808006984,3.09964489435225,77.6701874587832
"462",2021,6,22.825,51.65,2.255,53.975,17.45,28.275,2.8,4.07089030250426,122.126709075128,68.1517090751279,2.82609975254777,79.7919464083703
"463",2021,7,24.125,38.2,2.2225,25.825,17.55,30.75,3.525,5.38600272987982,166.966084626274,141.141084626274,3.06186057384335,72.5865840850567
"464",2021,8,25,41.45,2.2225,30.1,18.1,31.925,4.15,5.28365273589182,163.793234812646,133.693234812646,3.23025069880823,68.8027093630836
"465",2021,9,26.95,47.55,2.4675,57.2,20.775,33.225,4.6,4.92449660638306,147.734898191492,90.5348981914917,3.63550349492227,67.8723044399868
"466",2021,10,27.25,66.10001,2.6825,152.55,21.325,33.2,4.2,3.33204330391645,103.29334242141,0,3.70170740416279,72.4665595390756
"467",2021,11,26.225,72.375,2.7325,220.575,21.575,30.95,3.75,2.63063403983632,78.9190211950896,0,3.47983812004367,78.5237676505972
"468",2021,12,26.55,79.4,2.8575,235.55,22.425,30.7,3.425,2.024467365989,62.758488345659,0,3.54887032397685,80.5185802562065
"469",2022,1,27.025,75.35001,2.9325,214.825,22.6,31.475,3.675,2.37571101423216,73.647041441197,0,3.65195498317886,80.2994564146405
"470",2022,2,26.575,79.075,2.83,237.95,22.1,31.125,3.475,2.08130317933677,58.2764890214295,0,3.55423060164873,79.6234211333172
"471",2022,3,26.175,76.25001,2.7875,296.875,21.55,30.85,3.275,2.28335029261927,70.7838590711974,0,3.46932448946728,80.3470533950552
"472",2022,4,25.7,77.825,2.625,121.35,20.35,31.1,3,2.21207244339242,66.3621733017725,0,3.37084555633763,77.8736360396179
"473",2022,5,23.95,55.25,2.39,98.075,18.55,29.45,3.05,3.88632760937835,120.476155890729,22.4011558907287,3.02913627928163,78.9003788422091
"474",2022,6,22.925,58.15,2.245,65.975,17.075,28.85,2.75,3.61939048872299,108.58171466169,42.6067146616896,2.84364317422564,78.9480206359346
"475",2022,7,24.425,41.1,2.3075,28.9,17.725,31.125,3.475,5.16028184462461,159.968737183363,131.068737183363,3.11869226705999,73.9893456104053
"476",2022,8,24.075,44.35,2.1275,54.1,17.4,30.775,3.95,4.95657247829313,153.653746827087,99.5537468270872,3.05247880844742,69.6974535617534
"477",2022,9,25.45,54.3,2.1975,81.375,18.85,32.1,4.375,4.33079955851735,129.923986755521,48.5489867555206,3.32002025070395,66.189355306916
"478",2022,10,26.15,63.2,2.6,137.475,20.625,31.7,4.075,3.45004238518512,106.951313940739,0,3.46407827869435,75.0560406209981
"479",2022,11,26.425,62.8,2.5825,143.3,20.65,32.3,4.325,3.54434015637624,106.330204691287,0,3.52217664405788,73.3211380626475
"480",2022,12,26.625,70.05001,2.77,267.325,21.85,31.425,3.875,2.84711339038617,88.2605151019713,0,3.56497276571253,77.7004533286067
"481",2023,1,27.125,74.125,2.8425,265.075,22.575,31.725,3.825,2.53953232616344,78.7255021110665,0,3.67399327500529,77.368132906991
"482",2023,2,27.6,79.075,2.8975,268.675,23.1,32.15,3.6,2.16655736275226,60.6636061570634,0,3.78029855421933,76.6473853438373
"483",2023,3,27.975,71.85,2.7875,245.6,23.25,32.725,3.85,2.85999183401639,88.659746854508,0,3.86614636454183,72.1002191113461
"484",2023,4,28.175,69.05,2.7275,156.625,23.175,33.175,3.65,3.14994552907952,94.4983658723856,0,3.9126367984465,69.7100226906557
"485",2023,5,26.875,69.575,2.58,112.75,21.575,32.225,3.2,3.03634954495635,94.1268358936469,0,3.61911794853099,71.2880883323305
"486",2023,6,25.625,53.175,2.35,39.2,19.875,31.375,3.275,4.31802101384142,129.540630415243,90.3406304152427,3.35552576242643,70.033734394597
"487",2023,7,27.125,48.5,2.2225,57.2,20.7,33.65001,3.95,5.00918267211527,155.284662835573,98.0846628355734,3.67399327500529,60.4927617891952
"488",2023,8,27.7,51.90001,2.285,45.77501,20.9,34.55,4.475,4.78956846249211,148.476622337255,102.701612337255,3.8030239608252,60.0837655386265
"489",2023,9,28.35,58.45,2.3425,78.425,21.925,34.85,4.8,4.29080913175151,128.724273952545,50.2992739525452,3.9537228592271,59.247956505933
"490",2023,10,28.275,66.275,2.6625,150.5,22.575,34,4.475,3.44779602252423,106.881676698251,0,3.93606782671311,67.6436514109406
"491",2023,11,28.1,70.025,2.7775,206.075,22.975,33.275,4.275,3.04384833112561,91.3154499337682,0,3.89514497560993,71.3067168845257
"492",2023,12,27.35,74.72501,2.8675,275,22.7,32.075,3.775,2.51066945713225,77.8307531710998,0,3.7240123890881,77.0002808906381
